cusec,piece_id,average_prize_buy,number_of_ads_buy,average_prize_rent,number_of_ads_rent,extra_data
2800901001,Algete--2800901001--,1418.48,29,8.20445,29,
2800901002,Algete--2800901002--,1518,11,0,0,
2800901003,Algete--2800901003--,1649.87,30,9.09091,1,
2800901004,Algete--2800901004--,1734.91,25,7.45179,2,
2800901005,Algete--2800901005--,1586.53,18,9.09091,1,
2800901006,Algete--2800901006--,1663.18,21,7.02479,1,
2800901007,Algete--2800901007--,1584.35,30,5.75932,6,
2800901008,Algete--2800901008--,1492.32,30,6.32609,2,
2800901009,Algete--2800901009--,1660.47,30,7.45179,2,